{
  "trained_at": "2025-08-12T22:30:59.020128",
  "exercises": [
    "push_up",
    "squat",
    "deadlift",
    "plank"
  ],
  "performance": {
    "push_up": 0.0049617658369243145,
    "squat": 0.006475124508142471,
    "deadlift": 0.7060289978981018,
    "plank": 0.0034343195147812366
  }
}